{
    "last_training_count": 435,
    "champion_scores": {
        "input_target_weighted_avg_markup_rate": 0.25341402390510476,
        "input_target_min_winning_markup_rate": 0.23642613900225803,
        "input_target_est_profit_margin": 0.44645770431849363
    }
}